event_id,start_frame,end_frame,duration_frames,peak_frame,peak_score,mean_score,severity,start_time_s,end_time_s
1,78,90,13,87,25.84576734095244,24.9693425619559,medium,3.12,3.6
2,129,142,14,132,26.087660162549042,25.109601806853668,medium,5.16,5.68
3,257,265,9,258,24.830486540444543,21.556508625252373,medium,10.28,10.6
4,270,276,7,275,26.64060729075084,25.284940268413852,medium,10.8,11.04
5,455,456,2,455,23.72873043492007,23.69928403570234,medium,18.2,18.24
